{"requests": [1757081811.966362], "last_reset": 1757081811.9566817}