{"requests": [1757080765.7682447, 1757080767.9596386, 1757080850.8219972, 1757080870.622006, 1757080951.4053507, 1757080971.2633243, 1757081058.7276402], "last_reset": 1757080765.7607105}