{"requests": [1757088709.5609283, 1757088711.1003776], "last_reset": 1757088709.0803154}