{"requests": [1757081811.966362, 1757082134.8179708, 1757082140.8866463], "last_reset": 1757081811.9566817}