{"requests": [1757086005.0289967, 1757086007.3158636, 1757086056.5530553, 1757086369.4106438], "last_reset": 1757086005.0169196}